home_team,removed_player,predicted_player,season
MIL,Craig Smith,Craig Smith,2007
ATL,Lorenzen Wright,Lorenzen Wright,2007
CHA,Ben Gordon,Ben Gordon,2007
BOS,Gerald Green,Gerald Green,2007
PHI,Juan Dixon,Juan Dixon,2007
LAC,Jordan Farmar,Jordan Farmar,2007
NJN,Renaldo Balkman,Renaldo Balkman,2007
DET,Stephen Jackson,Stephen Jackson,2007
MIL,Ricky Davis,Ricky Davis,2007
MEM,Shaquille O'Neal,Shaquille O'Neal,2007
NJN,Steve Francis,Steve Francis,2007
LAC,Shammond Williams,Shammond Williams,2007
DET,Stephen Jackson,Stephen Jackson,2007
IND,Shaun Livingston,Shaun Livingston,2007
ORL,Steve Nash,Steve Nash,2007
TOR,Gilbert Arenas,Gilbert Arenas,2007
NJN,Stephon Marbury,Stephon Marbury,2007
MEM,Udonis Haslem,Udonis Haslem,2007
MIA,Charlie Villanueva,Charlie Villanueva,2007
CHA,P.J. Brown,P.J. Brown,2007
ATL,Josh Smith,Josh Smith,2007
TOR,Caron Butler,Caron Butler,2007
MEM,Dwyane Wade,Dwyane Wade,2007
LAL,Damon Stoudamire,Damon Stoudamire,2007
SAS,Carlos Boozer,Carlos Boozer,2007
NYK,Dwight Howard,Dwight Howard,2007
MEM,Antoine Walker,Antoine Walker,2007
DAL,J.R. Smith,J.R. Smith,2007
LAC,Maurice Evans,Maurice Evans,2007
TOR,Antawn Jamison,Antawn Jamison,2007
GSW,Juwan Howard,Juwan Howard,2007
MIA,Charlie Bell,Charlie Bell,2007
NYK,Carlos Arroyo,Carlos Arroyo,2007
DET,Baron Davis,Baron Davis,2007
LAC,Kobe Bryant,Kobe Bryant,2007
NJN,Eddy Curry,Eddy Curry,2007
SAC,Anthony Parker,Anthony Parker,2007
DAL,Marcus Camby,Marcus Camby,2007
PHO,Francisco Garcia,Francisco Garcia,2007
SAS,Gordan Giricek,Gordan Giricek,2007
POR,Brent Barry,Brent Barry,2007
CHO,Zydrunas Ilgauskas,Zydrunas Ilgauskas,2007
LAL,Mike Miller,Mike Miller,2007
SAS,Matt Harpring,Matt Harpring,2007
CHA,P.J. Brown,P.J. Brown,2007
OKC,Samuel Dalembert,Samuel Dalembert,2007
CHA,Luol Deng,Luol Deng,2007
BOS,Rajon Rondo,Rajon Rondo,2007
NJN,Nate Robinson,Nate Robinson,2007
CHA,Mike Sweetney,Mike Sweetney,2007
IND,Sam Cassell,Sam Cassell,2007
MIA,David Noel,David Noel,2007
POR,Manu Ginobili,Manu Ginobili,2007
NJN,Jared Jeffries,Jared Jeffries,2007
LAC,Smush Parker,Smush Parker,2007
CHA,Luol Deng,Luol Deng,2007
PHO,Ronnie Price,Ronnie Price,2007
GSW,Luther Head,Luther Head,2007
PHI,Martell Webster,Martell Webster,2007
DET,Matt Barnes,Matt Barnes,2007
MIL,Randy Foye,Randy Foye,2007
MIL,Trenton Hassell,Trenton Hassell,2007
CHA,Chris Duhon,Chris Duhon,2007
CHO,Eric Snow,Eric Snow,2007
NJN,Stephon Marbury,Stephon Marbury,2007
NJN,Quentin Richardson,Quentin Richardson,2007
MEM,Michael Doleac,Michael Doleac,2007
SAS,Paul Millsap,Paul Millsap,2007
DAL,Yakhouba Diawara,Yakhouba Diawara,2007
LAL,Stromile Swift,Stromile Swift,2007
HOU,Troy Murphy,Troy Murphy,2007
MIA,Charlie Bell,Charlie Bell,2007
DEN,Chris Webber,Chris Webber,2007
SAS,Matt Harpring,Matt Harpring,2007
PHI,LaMarcus Aldridge,LaMarcus Aldridge,2007
SAS,Deron Williams,Deron Williams,2007
MIA,Charlie Bell,Charlie Bell,2007
DET,Mickael Pietrus,Mickael Pietrus,2007
DAL,Jamal Sampson,Jamal Sampson,2007
BOS,Sebastian Telfair,Sebastian Telfair,2007
DAL,Earl Boykins,Earl Boykins,2007
DET,Matt Barnes,Matt Barnes,2007
GSW,Chuck Hayes,Chuck Hayes,2007
DET,Mickael Pietrus,Mickael Pietrus,2007
HOU,Danny Granger,Danny Granger,2007
DET,Andris Biedrins,Andris Biedrins,2007
NJN,David Lee,David Lee,2007
ORL,Amar'e Stoudemire,Amar'e Stoudemire,2007
GSW,Jake Tsakalidis,Jake Tsakalidis,2007
DEN,Carlos Delfino,Carlos Delfino,2007
MIA,Brian Skinner,Brian Skinner,2007
DAL,Allen Iverson,Allen Iverson,2007
CHA,Ben Gordon,Ben Gordon,2007
TOR,Antawn Jamison,Antawn Jamison,2007
DEN,Antonio McDyess,Antonio McDyess,2007
CHO,Damon Jones,Damon Jones,2007
DAL,Allen Iverson,Allen Iverson,2007
PHI,Ime Udoka,Ime Udoka,2007
CHO,Anderson Varejao,Anderson Varejao,2007
MEM,Antoine Walker,Antoine Walker,2007
ORL,Steve Nash,Steve Nash,2008
IND,Tim Thomas,Tim Thomas,2008
PHI,Steve Blake,Steve Blake,2008
LAL,Mike Miller,Mike Miller,2008
SAC,Rasho Nesterovic,Rasho Nesterovic,2008
MIL,Rashad McCants,Rashad McCants,2008
PHO,Francisco Garcia,Francisco Garcia,2008
GSW,Tracy McGrady,Tracy McGrady,2008
LAL,Rudy Gay,Rudy Gay,2008
POR,Tony Parker,Tony Parker,2008
SAS,Paul Millsap,Paul Millsap,2008
DET,Monta Ellis,Monta Ellis,2008
POR,Michael Finley,Michael Finley,2008
ATL,Mike Bibby,Mike Bibby,2008
ATL,Josh Smith,Josh Smith,2008
CLE,Josh Howard,Josh Howard,2008
PHI,Steve Blake,Steve Blake,2008
GSW,Tracy McGrady,Tracy McGrady,2008
PHO,Mikki Moore,Mikki Moore,2008
SAC,Chris Bosh,Chris Bosh,2008
MEM,Joel Anthony,Joel Anthony,2008
ORL,Grant Hill,Grant Hill,2008
TOR,Oleksiy Pecherov,Oleksiy Pecherov,2008
PHI,LaMarcus Aldridge,LaMarcus Aldridge,2008
DEN,Lindsey Hunter,Lindsey Hunter,2008
NJN,Jamal Crawford,Jamal Crawford,2008
SAC,Jorge Garbajosa,Jorge Garbajosa,2008
ORL,Amar'e Stoudemire,Amar'e Stoudemire,2008
PHI,Steve Blake,Steve Blake,2008
OKC,Willie Green,Willie Green,2008
DET,Kelenna Azubuike,Kelenna Azubuike,2008
DET,Baron Davis,Baron Davis,2008
MEM,Jason Williams,Jason Williams,2008
NYK,Carlos Arroyo,Carlos Arroyo,2008
SAC,Anthony Parker,Anthony Parker,2008
MIL,Corey Brewer,Corey Brewer,2008
PHO,Francisco Garcia,Francisco Garcia,2008
MEM,Daequan Cook,Daequan Cook,2008
MEM,Jason Williams,Jason Williams,2008
ORL,Gordan Giricek,Gordan Giricek,2008
DAL,Eduardo Najera,Eduardo Najera,2008
NJN,Jared Jeffries,Jared Jeffries,2008
CLE,Jason Kidd,Jason Kidd,2008
CHO,Drew Gooden,Drew Gooden,2008
PHI,LaMarcus Aldridge,LaMarcus Aldridge,2008
MIA,Desmond Mason,Desmond Mason,2008
LAL,Pau Gasol,Pau Gasol,2008
LAC,Kobe Bryant,Kobe Bryant,2008
SAS,Carlos Boozer,Carlos Boozer,2008
MIL,Marko Jaric,Marko Jaric,2008
MEM,Kasib Powell,Kasib Powell,2008
IND,Chris Kaman,Chris Kaman,2008
ATL,Josh Smith,Josh Smith,2008
SAS,Andrei Kirilenko,Andrei Kirilenko,2008
PHO,Francisco Garcia,Francisco Garcia,2008
NYK,Keith Bogans,Keith Bogans,2008
LAL,Kyle Lowry,Kyle Lowry,2008
CLE,Jason Terry,Jason Terry,2008
MIA,Michael Redd,Michael Redd,2008
LAL,Juan Carlos Navarro,Juan Carlos Navarro,2008
DEN,Antonio McDyess,Antonio McDyess,2008
SAS,Jason Hart,Jason Hart,2008
BOS,Eddie House,Eddie House,2008
PHI,Martell Webster,Martell Webster,2008
CHO,Devin Brown,Devin Brown,2008
MIL,Randy Foye,Randy Foye,2008
HOU,Mike Dunleavy,Mike Dunleavy,2008
MEM,Joel Anthony,Joel Anthony,2008
MIL,Rashad McCants,Rashad McCants,2008
DET,Monta Ellis,Monta Ellis,2008
MEM,Mark Blount,Mark Blount,2008
CHO,Sasha Pavlovic,Sasha Pavlovic,2008
HOU,Travis Diener,Travis Diener,2008
HOU,Mike Dunleavy,Mike Dunleavy,2008
OKC,Andre Miller,Andre Miller,2008
CHA,Andres Nocioni,Andres Nocioni,2008
DEN,Arron Afflalo,Arron Afflalo,2008
MIL,Michael Doleac,Michael Doleac,2008
DEN,Rasheed Wallace,Rasheed Wallace,2008
SAC,Jason Kapono,Jason Kapono,2008
CHA,Tyrus Thomas,Tyrus Thomas,2008
CHA,Kirk Hinrich,Kirk Hinrich,2008
DAL,Nene Hilario,Nene Hilario,2008
DEN,Antonio McDyess,Antonio McDyess,2008
CHO,Anderson Varejao,Anderson Varejao,2008
PHO,Beno Udrih,Beno Udrih,2008
DAL,Kenyon Martin,Kenyon Martin,2008
POR,Bruce Bowen,Bruce Bowen,2008
DEN,Antonio McDyess,Antonio McDyess,2008
POR,Francisco Elson,Francisco Elson,2008
ORL,Boris Diaw,Boris Diaw,2008
POR,Fabricio Oberto,Fabricio Oberto,2008
DET,Monta Ellis,Monta Ellis,2008
PHI,Steve Blake,Steve Blake,2008
TOR,DeShawn Stevenson,DeShawn Stevenson,2008
TOR,DeShawn Stevenson,DeShawn Stevenson,2008
BOS,Ray Allen,Ray Allen,2008
CHA,Luol Deng,Luol Deng,2008
LAC,Derek Fisher,Derek Fisher,2008
POR,Ime Udoka,Ime Udoka,2008
MIL,Mark Madsen,Mark Madsen,2009
NYK,Courtney Lee,Courtney Lee,2009
CHA,Andres Nocioni,Andres Nocioni,2009
NYK,Hedo Turkoglu,Hedo Turkoglu,2009
POR,Matt Bonner,Matt Bonner,2009
LAC,Josh Powell,Josh Powell,2009
IND,Eric Gordon,Eric Gordon,2009
NJN,Chris Duhon,Chris Duhon,2009
MIL,Kevin Love,Kevin Love,2009
LAL,Greg Buckner,Greg Buckner,2009
CHO,Ben Wallace,Ben Wallace,2009
ORL,Matt Barnes,Matt Barnes,2009
DAL,J.R. Smith,J.R. Smith,2009
IND,Ricky Davis,Ricky Davis,2009
ORL,Raja Bell,Raja Bell,2009
MEM,Daequan Cook,Daequan Cook,2009
NYK,Anthony Johnson,Anthony Johnson,2009
ATL,Josh Smith,Josh Smith,2009
MEM,Dwyane Wade,Dwyane Wade,2009
NYK,Anthony Johnson,Anthony Johnson,2009
NJN,Chris Duhon,Chris Duhon,2009
DAL,Anthony Carter,Anthony Carter,2009
DET,Anthony Morrow,Anthony Morrow,2009
LAC,Jordan Farmar,Jordan Farmar,2009
CHA,Drew Gooden,Drew Gooden,2009
DET,Jamal Crawford,Jamal Crawford,2009
CHA,Ben Gordon,Ben Gordon,2009
HOU,Brandon Rush,Brandon Rush,2009
MEM,Chris Quinn,Chris Quinn,2009
DEN,Amir Johnson,Amir Johnson,2009
SAS,Andrei Kirilenko,Andrei Kirilenko,2009
LAC,Chris Mihm,Chris Mihm,2009
ATL,Acie Law,Acie Law,2009
ATL,Joe Johnson,Joe Johnson,2009
HOU,Rasho Nesterovic,Rasho Nesterovic,2009
DET,Andris Biedrins,Andris Biedrins,2009
CLE,Dirk Nowitzki,Dirk Nowitzki,2009
ATL,Josh Smith,Josh Smith,2009
DET,Corey Maggette,Corey Maggette,2009
LAL,Quinton Ross,Quinton Ross,2009
MEM,Shawn Marion,Shawn Marion,2009
SAS,Matt Harpring,Matt Harpring,2009
BOS,Ray Allen,Ray Allen,2009
CLE,Josh Howard,Josh Howard,2009
SAS,Ronnie Price,Ronnie Price,2009
ATL,Ronald Murray,Ronald Murray,2009
CHA,Thabo Sefolosha,Thabo Sefolosha,2009
SAS,Ronnie Brewer,Ronnie Brewer,2009
NOP,Russell Westbrook,Russell Westbrook,2009
NOP,Nick Collison,Nick Collison,2009
IND,Steve Novak,Steve Novak,2009
SAC,Roko Ukic,Roko Ukic,2009
BOS,Tony Allen,Tony Allen,2009
PHO,Mikki Moore,Mikki Moore,2009
NYK,Rashard Lewis,Rashard Lewis,2009
LAC,Luke Walton,Luke Walton,2009
TOR,Dominic McGuire,Dominic McGuire,2009
DEN,Rodney Stuckey,Rodney Stuckey,2009
NYK,Mickael Pietrus,Mickael Pietrus,2009
CHO,Mo Williams,Mo Williams,2009
DAL,Linas Kleiza,Linas Kleiza,2009
MEM,Udonis Haslem,Udonis Haslem,2009
ATL,Ronald Murray,Ronald Murray,2009
HOU,T.J. Ford,T.J. Ford,2009
ORL,Shaquille O'Neal,Shaquille O'Neal,2009
DET,Ronny Turiaf,Ronny Turiaf,2009
OKC,Thaddeus Young,Thaddeus Young,2009
SAC,Jason Kapono,Jason Kapono,2009
GSW,Von Wafer,Von Wafer,2009
PHI,Travis Outlaw,Travis Outlaw,2009
PHI,Travis Outlaw,Travis Outlaw,2009
ATL,Maurice Evans,Maurice Evans,2009
CLE,James Singleton,James Singleton,2009
CHA,Joakim Noah,Joakim Noah,2009
SAC,Jake Voskuhl,Jake Voskuhl,2009
MIA,Luke Ridnour,Luke Ridnour,2009
CLE,Jason Kidd,Jason Kidd,2009
MEM,Joel Anthony,Joel Anthony,2009
CLE,Dirk Nowitzki,Dirk Nowitzki,2009
MIA,Michael Redd,Michael Redd,2009
DAL,Dahntay Jones,Dahntay Jones,2009
POR,Roger Mason,Roger Mason,2009
HOU,Mike Dunleavy,Mike Dunleavy,2009
ORL,Raja Bell,Raja Bell,2009
LAL,Marc Gasol,Marc Gasol,2009
TOR,Dominic McGuire,Dominic McGuire,2009
MIL,Randy Foye,Randy Foye,2009
DEN,Arron Afflalo,Arron Afflalo,2009
OKC,Royal Ivey,Royal Ivey,2009
CHO,Zydrunas Ilgauskas,Zydrunas Ilgauskas,2009
PHO,John Salmons,John Salmons,2009
CHA,Luol Deng,Luol Deng,2009
DAL,Nene Hilario,Nene Hilario,2009
NYK,Hedo Turkoglu,Hedo Turkoglu,2009
POR,Matt Bonner,Matt Bonner,2009
OKC,Elton Brand,Elton Brand,2009
CLE,Erick Dampier,Erick Dampier,2009
MIL,Rodney Carney,Rodney Carney,2009
MIA,Keith Bogans,Keith Bogans,2009
NOP,Nick Collison,Nick Collison,2009
MIA,John Salmons,John Salmons,2010
OKC,Samuel Dalembert,Samuel Dalembert,2010
DAL,Nene Hilario,Nene Hilario,2010
GSW,Shane Battier,Shane Battier,2010
MIL,Jonny Flynn,Jonny Flynn,2010
OKC,Thaddeus Young,Thaddeus Young,2010
IND,Eric Gordon,Eric Gordon,2010
ATL,Maurice Evans,Maurice Evans,2010
IND,Ricky Davis,Ricky Davis,2010
DET,Ronny Turiaf,Ronny Turiaf,2010
DAL,Nene Hilario,Nene Hilario,2010
SAS,Deron Williams,Deron Williams,2010
POR,Roger Mason,Roger Mason,2010
PHI,Martell Webster,Martell Webster,2010
CHA,Jannero Pargo,Jannero Pargo,2010
SAC,Chris Bosh,Chris Bosh,2010
IND,Marcus Camby,Marcus Camby,2010
DEN,Jason Maxiell,Jason Maxiell,2010
MEM,Mario Chalmers,Mario Chalmers,2010
HOU,Earl Watson,Earl Watson,2010
ORL,Lou Amundson,Lou Amundson,2010
CLE,Jason Terry,Jason Terry,2010
HOU,Mike Dunleavy,Mike Dunleavy,2010
DAL,J.R. Smith,J.R. Smith,2010
IND,Eric Gordon,Eric Gordon,2010
ATL,Marvin Williams,Marvin Williams,2010
CHA,Jannero Pargo,Jannero Pargo,2010
TOR,Caron Butler,Caron Butler,2010
PHO,Omri Casspi,Omri Casspi,2010
SAC,Antoine Wright,Antoine Wright,2010
ORL,Jason Richardson,Jason Richardson,2010
DAL,J.R. Smith,J.R. Smith,2010
BOS,Nate Robinson,Nate Robinson,2010
MIA,Ersan Ilyasova,Ersan Ilyasova,2010
HOU,Josh McRoberts,Josh McRoberts,2010
IND,Eric Gordon,Eric Gordon,2010
PHO,Sergio Rodriguez,Sergio Rodriguez,2010
LAL,Hamed Haddadi,Hamed Haddadi,2010
MIA,Andrew Bogut,Andrew Bogut,2010
NOP,Kevin Durant,Kevin Durant,2010
NOP,Etan Thomas,Etan Thomas,2010
NYK,Jameer Nelson,Jameer Nelson,2010
CHA,Derrick Rose,Derrick Rose,2010
POR,Keith Bogans,Keith Bogans,2010
NOP,Nick Collison,Nick Collison,2010
DAL,Chris Andersen,Chris Andersen,2010
CHO,J.J. Hickson,J.J. Hickson,2010
MIL,Oleksiy Pecherov,Oleksiy Pecherov,2010
NOP,Jeff Green,Jeff Green,2010
NOP,Kevin Durant,Kevin Durant,2010
ORL,Goran Dragic,Goran Dragic,2010
ORL,Steve Nash,Steve Nash,2010
SAS,Wesley Matthews,Wesley Matthews,2010
GSW,Trevor Ariza,Trevor Ariza,2010
LAL,Zach Randolph,Zach Randolph,2010
IND,Steve Blake,Steve Blake,2010
OKC,Willie Green,Willie Green,2010
CHO,Zydrunas Ilgauskas,Zydrunas Ilgauskas,2010
PHO,Sergio Rodriguez,Sergio Rodriguez,2010
HOU,Troy Murphy,Troy Murphy,2010
LAL,Zach Randolph,Zach Randolph,2010
LAC,Kobe Bryant,Kobe Bryant,2010
LAL,Jamaal Tinsley,Jamaal Tinsley,2010
OKC,Elton Brand,Elton Brand,2010
SAC,Antoine Wright,Antoine Wright,2010
DET,Monta Ellis,Monta Ellis,2010
LAC,Metta World Peace,Metta World Peace,2010
BOS,Eddie House,Eddie House,2010
SAS,C.J. Miles,C.J. Miles,2010
NYK,J.J. Redick,J.J. Redick,2010
ATL,Al Horford,Al Horford,2010
LAL,Zach Randolph,Zach Randolph,2010
SAC,Amir Johnson,Amir Johnson,2010
OKC,Andre Iguodala,Andre Iguodala,2010
SAS,Andrei Kirilenko,Andrei Kirilenko,2010
MIL,Al Jefferson,Al Jefferson,2010
PHO,Andres Nocioni,Andres Nocioni,2010
NOP,Jeff Green,Jeff Green,2010
SAS,Deron Williams,Deron Williams,2010
MIL,Corey Brewer,Corey Brewer,2010
PHO,Andres Nocioni,Andres Nocioni,2010
CLE,Drew Gooden,Drew Gooden,2010
GSW,Aaron Brooks,Aaron Brooks,2010
ATL,Jason Collins,Jason Collins,2010
BOS,Kevin Garnett,Kevin Garnett,2010
GSW,David Andersen,David Andersen,2010
MIA,Brandon Jennings,Brandon Jennings,2010
ORL,Channing Frye,Channing Frye,2010
NJN,Wilson Chandler,Wilson Chandler,2010
DEN,Will Bynum,Will Bynum,2010
DAL,Ty Lawson,Ty Lawson,2010
NJN,Toney Douglas,Toney Douglas,2010
HOU,Troy Murphy,Troy Murphy,2010
NYK,Ryan Anderson,Ryan Anderson,2010
NJN,Wilson Chandler,Wilson Chandler,2010
LAC,Shannon Brown,Shannon Brown,2010
DAL,Nene Hilario,Nene Hilario,2010
DAL,Nene Hilario,Nene Hilario,2010
PHI,Martell Webster,Martell Webster,2010
MIL,Wayne Ellington,Wayne Ellington,2010
TOR,Gilbert Arenas,Gilbert Arenas,2011
NJN,Wilson Chandler,Wilson Chandler,2011
NOP,Serge Ibaka,Serge Ibaka,2011
ATL,Zaza Pachulia,Zaza Pachulia,2011
SAC,Sonny Weems,Sonny Weems,2011
DEN,Will Bynum,Will Bynum,2011
SAC,Sonny Weems,Sonny Weems,2011
ATL,Zaza Pachulia,Zaza Pachulia,2011
NOP,Serge Ibaka,Serge Ibaka,2011
NOP,Eric Maynor,Eric Maynor,2011
GSW,Chase Budinger,Chase Budinger,2011
DAL,Al Harrington,Al Harrington,2011
NOP,Jeff Green,Jeff Green,2011
MEM,Eddie House,Eddie House,2011
SAS,Andrei Kirilenko,Andrei Kirilenko,2011
LAC,Derek Fisher,Derek Fisher,2011
GSW,Aaron Brooks,Aaron Brooks,2011
POR,Antonio McDyess,Antonio McDyess,2011
SAS,Andrei Kirilenko,Andrei Kirilenko,2011
LAL,Darrell Arthur,Darrell Arthur,2011
DEN,Chris Wilcox,Chris Wilcox,2011
SAS,Al Jefferson,Al Jefferson,2011
LAL,Tony Allen,Tony Allen,2011
MIA,Luc Mbah a Moute,Luc Mbah a Moute,2011
NOP,Serge Ibaka,Serge Ibaka,2011
CHA,Luol Deng,Luol Deng,2011
PHI,Marcus Camby,Marcus Camby,2011
CHO,Christian Eyenga,Christian Eyenga,2011
DAL,Chris Andersen,Chris Andersen,2011
MEM,Mike Bibby,Mike Bibby,2011
SAC,DeMar DeRozan,DeMar DeRozan,2011
LAL,Sam Young,Sam Young,2011
LAC,Kobe Bryant,Kobe Bryant,2011
NOP,Kevin Durant,Kevin Durant,2011
LAC,Matt Barnes,Matt Barnes,2011
DET,Monta Ellis,Monta Ellis,2011
SAS,Earl Watson,Earl Watson,2011
MIL,Kevin Love,Kevin Love,2011
GSW,Kevin Martin,Kevin Martin,2011
HOU,Josh McRoberts,Josh McRoberts,2011
MIA,Corey Maggette,Corey Maggette,2011
POR,Richard Jefferson,Richard Jefferson,2011
POR,Richard Jefferson,Richard Jefferson,2011
BOS,Shaquille O'Neal,Shaquille O'Neal,2011
BOS,Paul Pierce,Paul Pierce,2011
NOP,Serge Ibaka,Serge Ibaka,2011
LAL,Zach Randolph,Zach Randolph,2011
ORL,Josh Childress,Josh Childress,2011
HOU,A.J. Price,A.J. Price,2011
PHI,Andre Miller,Andre Miller,2011
DET,Dorell Wright,Dorell Wright,2011
CHO,Daniel Gibson,Daniel Gibson,2011
MIL,Darko Milicic,Darko Milicic,2011
LAL,Mike Conley,Mike Conley,2011
DAL,Carmelo Anthony,Carmelo Anthony,2011
TOR,JaVale McGee,JaVale McGee,2011
LAL,Tony Allen,Tony Allen,2011
CHO,Manny Harris,Manny Harris,2011
NOP,Russell Westbrook,Russell Westbrook,2011
CLE,Jason Kidd,Jason Kidd,2011
DAL,Kenyon Martin,Kenyon Martin,2011
NJN,Landry Fields,Landry Fields,2011
NJN,Toney Douglas,Toney Douglas,2011
CHA,Omer Asik,Omer Asik,2011
MIL,Luke Ridnour,Luke Ridnour,2011
MIL,Darko Milicic,Darko Milicic,2011
POR,Tim Duncan,Tim Duncan,2011
NJN,Shawne Williams,Shawne Williams,2011
NJN,Toney Douglas,Toney Douglas,2011
NYK,Rashard Lewis,Rashard Lewis,2011
CHA,Kurt Thomas,Kurt Thomas,2011
SAS,Earl Watson,Earl Watson,2011
SAC,Jerryd Bayless,Jerryd Bayless,2011
DAL,Nene Hilario,Nene Hilario,2011
ATL,Jamal Crawford,Jamal Crawford,2011
CHO,Antawn Jamison,Antawn Jamison,2011
CLE,Ian Mahinmi,Ian Mahinmi,2011
MIA,Brandon Jennings,Brandon Jennings,2011
OKC,Andres Nocioni,Andres Nocioni,2011
CLE,DeShawn Stevenson,DeShawn Stevenson,2011
MIL,Corey Brewer,Corey Brewer,2011
NYK,Chris Duhon,Chris Duhon,2011
NOP,James Harden,James Harden,2011
MIL,Lazar Hayward,Lazar Hayward,2011
TOR,John Wall,John Wall,2011
DAL,Chris Andersen,Chris Andersen,2011
HOU,Danny Granger,Danny Granger,2011
NJN,Danilo Gallinari,Danilo Gallinari,2011
HOU,Danny Granger,Danny Granger,2011
NYK,Earl Clark,Earl Clark,2011
DET,Brandan Wright,Brandan Wright,2011
NYK,J.J. Redick,J.J. Redick,2011
OKC,Evan Turner,Evan Turner,2011
DET,Dorell Wright,Dorell Wright,2011
SAC,DeMar DeRozan,DeMar DeRozan,2011
DEN,Richard Hamilton,Richard Hamilton,2011
HOU,Dahntay Jones,Dahntay Jones,2011
LAC,Derek Fisher,Derek Fisher,2011
PHI,Dante Cunningham,Dante Cunningham,2011
DAL,J.R. Smith,J.R. Smith,2011
PHO,Tyreke Evans,Tyreke Evans,2012
CHA,Richard Hamilton,Richard Hamilton,2012
OKC,Thaddeus Young,Thaddeus Young,2012
NOP,Serge Ibaka,Serge Ibaka,2012
TOR,Shelvin Mack,Shelvin Mack,2012
TOR,Shelvin Mack,Shelvin Mack,2012
PHI,Nolan Smith,Nolan Smith,2012
LAC,Ramon Sessions,Ramon Sessions,2012
ORL,Marcin Gortat,Marcin Gortat,2012
ORL,Marcin Gortat,Marcin Gortat,2012
SAC,Jerryd Bayless,Jerryd Bayless,2012
IND,Kenyon Martin,Kenyon Martin,2012
POR,Matt Bonner,Matt Bonner,2012
IND,Randy Foye,Randy Foye,2012
PHI,Raymond Felton,Raymond Felton,2012
LAL,Quincy Pondexter,Quincy Pondexter,2012
SAC,James Johnson,James Johnson,2012
HOU,Roy Hibbert,Roy Hibbert,2012
GSW,Patrick Patterson,Patrick Patterson,2012
MEM,Shane Battier,Shane Battier,2012
NJN,Tyson Chandler,Tyson Chandler,2012
DEN,Rodney Stuckey,Rodney Stuckey,2012
NOP,Nazr Mohammed,Nazr Mohammed,2012
DET,Kwame Brown,Kwame Brown,2012
PHO,Marcus Thornton,Marcus Thornton,2012
CHO,Kyrie Irving,Kyrie Irving,2012
MEM,Norris Cole,Norris Cole,2012
OKC,Lavoy Allen,Lavoy Allen,2012
HOU,Paul George,Paul George,2012
CLE,Lamar Odom,Lamar Odom,2012
NJN,Steve Novak,Steve Novak,2012
SAC,Justin Dentmon,Justin Dentmon,2012
SAS,Paul Millsap,Paul Millsap,2012
MIL,Nikola Pekovic,Nikola Pekovic,2012
OKC,Thaddeus Young,Thaddeus Young,2012
CLE,Vince Carter,Vince Carter,2012
CHO,Semih Erden,Semih Erden,2012
OKC,Nikola Vucevic,Nikola Vucevic,2012
MIA,Jon Leuer,Jon Leuer,2012
NJN,Mike Bibby,Mike Bibby,2012
HOU,David West,David West,2012
NOP,James Harden,James Harden,2012
ATL,Jeff Teague,Jeff Teague,2012
NOP,James Harden,James Harden,2012
PHO,Chuck Hayes,Chuck Hayes,2012
CHA,Carlos Boozer,Carlos Boozer,2012
MEM,Chris Bosh,Chris Bosh,2012
POR,DeJuan Blair,DeJuan Blair,2012
DET,Andris Biedrins,Andris Biedrins,2012
NOP,James Harden,James Harden,2012
MEM,Chris Bosh,Chris Bosh,2012
IND,Blake Griffin,Blake Griffin,2012
NJN,Baron Davis,Baron Davis,2012
NJN,Carmelo Anthony,Carmelo Anthony,2012
CHA,Derrick Rose,Derrick Rose,2012
DET,Brandon Rush,Brandon Rush,2012
DET,David Lee,David Lee,2012
HOU,Danny Granger,Danny Granger,2012
NYK,Chris Duhon,Chris Duhon,2012
SAC,Andrea Bargnani,Andrea Bargnani,2012
ORL,Jared Dudley,Jared Dudley,2012
SAC,Andrea Bargnani,Andrea Bargnani,2012
SAS,Devin Harris,Devin Harris,2012
ATL,Josh Smith,Josh Smith,2012
NJN,Amar'e Stoudemire,Amar'e Stoudemire,2012
DAL,Andre Miller,Andre Miller,2012
BOS,Brandon Bass,Brandon Bass,2012
TOR,Cartier Martin,Cartier Martin,2012
TOR,JaVale McGee,JaVale McGee,2012
ORL,Jared Dudley,Jared Dudley,2012
NJN,J.R. Smith,J.R. Smith,2012
MEM,Joel Anthony,Joel Anthony,2012
CHO,Anthony Parker,Anthony Parker,2012
ATL,Jerry Stackhouse,Jerry Stackhouse,2012
DET,Ish Smith,Ish Smith,2012
HOU,Lance Stephenson,Lance Stephenson,2012
BOS,Paul Pierce,Paul Pierce,2012
CHO,Anthony Parker,Anthony Parker,2012
CHA,Joakim Noah,Joakim Noah,2012
OKC,Lavoy Allen,Lavoy Allen,2012
MIA,Brandon Jennings,Brandon Jennings,2012
NJN,Jared Jeffries,Jared Jeffries,2012
MIA,Drew Gooden,Drew Gooden,2012
SAC,Andrea Bargnani,Andrea Bargnani,2012
IND,Brian Cook,Brian Cook,2012
SAC,Amir Johnson,Amir Johnson,2012
SAC,Ed Davis,Ed Davis,2012
LAL,Hamed Haddadi,Hamed Haddadi,2012
NOP,James Harden,James Harden,2012
IND,Eric Bledsoe,Eric Bledsoe,2012
ORL,Jared Dudley,Jared Dudley,2012
CHA,Derrick Rose,Derrick Rose,2012
TOR,Jan Vesely,Jan Vesely,2012
BOS,E'Twaun Moore,E'Twaun Moore,2012
NYK,Earl Clark,Earl Clark,2012
MIA,Brandon Jennings,Brandon Jennings,2012
MEM,Dexter Pittman,Dexter Pittman,2012
DAL,Arron Afflalo,Arron Afflalo,2012
MEM,LeBron James,LeBron James,2012
SAC,Amir Johnson,Amir Johnson,2012
NJN,Raymond Felton,Raymond Felton,2013
NOP,Kevin Martin,Kevin Martin,2013
PHO,James Johnson,James Johnson,2013
CLE,O.J. Mayo,O.J. Mayo,2013
CLE,Shawn Marion,Shawn Marion,2013
LAL,Rudy Gay,Rudy Gay,2013
SAS,Marvin Williams,Marvin Williams,2013
GSW,Omer Asik,Omer Asik,2013
NJN,Tyson Chandler,Tyson Chandler,2013
BOS,Jeff Green,Jeff Green,2013
GSW,Omer Asik,Omer Asik,2013
TOR,Martell Webster,Martell Webster,2013
LAL,Zach Randolph,Zach Randolph,2013
SAC,Linas Kleiza,Linas Kleiza,2013
POR,Stephen Jackson,Stephen Jackson,2013
DAL,Andre Miller,Andre Miller,2013
OKC,Lavoy Allen,Lavoy Allen,2013
ORL,Marcin Gortat,Marcin Gortat,2013
CLE,Darren Collison,Darren Collison,2013
HOU,Gerald Green,Gerald Green,2013
PHI,Luke Babbitt,Luke Babbitt,2013
SAC,DeMar DeRozan,DeMar DeRozan,2013
DET,David Lee,David Lee,2013
PHI,LaMarcus Aldridge,LaMarcus Aldridge,2013
POR,Tony Parker,Tony Parker,2013
DET,Klay Thompson,Klay Thompson,2013
CLE,O.J. Mayo,O.J. Mayo,2013
MEM,LeBron James,LeBron James,2013
SAS,Marvin Williams,Marvin Williams,2013
PHO,Thomas Robinson,Thomas Robinson,2013
OKC,Kwame Brown,Kwame Brown,2013
NYK,Andrew Nicholson,Andrew Nicholson,2013
ORL,Goran Dragic,Goran Dragic,2013
LAL,Rudy Gay,Rudy Gay,2013
ORL,Goran Dragic,Goran Dragic,2013
MIA,Brandon Jennings,Brandon Jennings,2013
LAC,Metta World Peace,Metta World Peace,2013
DAL,Evan Fournier,Evan Fournier,2013
CHO,Kyrie Irving,Kyrie Irving,2013
BOS,Jeff Green,Jeff Green,2013
NYK,Gustavo Ayon,Gustavo Ayon,2013
TOR,Kevin Seraphin,Kevin Seraphin,2013
ATL,Kyle Korver,Kyle Korver,2013
CHA,Marco Belinelli,Marco Belinelli,2013
MIA,Ekpe Udoh,Ekpe Udoh,2013
DET,Stephen Curry,Stephen Curry,2013
PHI,Will Barton,Will Barton,2013
CLE,O.J. Mayo,O.J. Mayo,2013
MEM,Chris Bosh,Chris Bosh,2013
NYK,Andrew Nicholson,Andrew Nicholson,2013
POR,Tony Parker,Tony Parker,2013
POR,Boris Diaw,Boris Diaw,2013
DAL,JaVale McGee,JaVale McGee,2013
IND,Eric Bledsoe,Eric Bledsoe,2013
NOP,Hasheem Thabeet,Hasheem Thabeet,2013
BRK,C.J. Watson,C.J. Watson,2013
NOP,Kevin Martin,Kevin Martin,2013
NOP,Eric Maynor,Eric Maynor,2013
ATL,Zaza Pachulia,Zaza Pachulia,2013
SAS,Alec Burks,Alec Burks,2013
CLE,Dirk Nowitzki,Dirk Nowitzki,2013
BOS,Jared Sullinger,Jared Sullinger,2013
ORL,Jared Dudley,Jared Dudley,2013
DET,Stephen Curry,Stephen Curry,2013
DET,Stephen Curry,Stephen Curry,2013
NYK,Tobias Harris,Tobias Harris,2013
CHA,Richard Hamilton,Richard Hamilton,2013
HOU,Tyler Hansbrough,Tyler Hansbrough,2013
MIL,Ricky Rubio,Ricky Rubio,2013
CHO,Wayne Ellington,Wayne Ellington,2013
IND,Ronny Turiaf,Ronny Turiaf,2013
POR,Tony Parker,Tony Parker,2013
BOS,Brandon Bass,Brandon Bass,2013
CLE,Dirk Nowitzki,Dirk Nowitzki,2013
MIL,Alexey Shved,Alexey Shved,2013
SAS,Al Jefferson,Al Jefferson,2013
LAL,Zach Randolph,Zach Randolph,2013
DAL,Wilson Chandler,Wilson Chandler,2013
DEN,Rodney Stuckey,Rodney Stuckey,2013
POR,Tony Parker,Tony Parker,2013
DAL,Wilson Chandler,Wilson Chandler,2013
BOS,Rajon Rondo,Rajon Rondo,2013
MEM,Udonis Haslem,Udonis Haslem,2013
OKC,Spencer Hawes,Spencer Hawes,2013
NJN,Steve Novak,Steve Novak,2013
NJN,Raymond Felton,Raymond Felton,2013
NJN,Carmelo Anthony,Carmelo Anthony,2013
POR,Stephen Jackson,Stephen Jackson,2013
MEM,Mario Chalmers,Mario Chalmers,2013
SAS,Earl Watson,Earl Watson,2013
DEN,Jason Maxiell,Jason Maxiell,2013
TOR,John Wall,John Wall,2013
SAS,Derrick Favors,Derrick Favors,2013
LAC,Dwight Howard,Dwight Howard,2013
BOS,Courtney Lee,Courtney Lee,2013
PHO,Chuck Hayes,Chuck Hayes,2013
ATL,Josh Smith,Josh Smith,2013
DEN,Jason Maxiell,Jason Maxiell,2013
OKC,Nick Young,Nick Young,2013
MIL,J.J. Barea,J.J. Barea,2013
CHA,Taj Gibson,Taj Gibson,2014
IND,Reggie Bullock,Reggie Bullock,2014
ORL,Miles Plumlee,Miles Plumlee,2014
MIN,Greg Stiemsma,Greg Stiemsma,2014
IND,Blake Griffin,Blake Griffin,2014
POR,Boris Diaw,Boris Diaw,2014
DEN,Andre Drummond,Andre Drummond,2014
NYK,Arron Afflalo,Arron Afflalo,2014
POR,Boris Diaw,Boris Diaw,2014
ATL,Lou Williams,Lou Williams,2014
DAL,Evan Fournier,Evan Fournier,2014
SAS,Gordon Hayward,Gordon Hayward,2014
GSW,Chandler Parsons,Chandler Parsons,2014
TOR,Nene Hilario,Nene Hilario,2014
TOR,Al Harrington,Al Harrington,2014
CHA,Carlos Boozer,Carlos Boozer,2014
HOU,C.J. Watson,C.J. Watson,2014
BRK,Alan Anderson,Alan Anderson,2014
DAL,Ty Lawson,Ty Lawson,2014
HOU,Orlando Johnson,Orlando Johnson,2014
CLE,Samuel Dalembert,Samuel Dalembert,2014
CHA,Nazr Mohammed,Nazr Mohammed,2014
DET,David Lee,David Lee,2014
IND,Byron Mullens,Byron Mullens,2014
BRK,Paul Pierce,Paul Pierce,2014
MIL,Ricky Rubio,Ricky Rubio,2014
TOR,Bradley Beal,Bradley Beal,2014
DAL,J.J. Hickson,J.J. Hickson,2014
TOR,Bradley Beal,Bradley Beal,2014
MIN,Al-Farouq Aminu,Al-Farouq Aminu,2014
LAC,Jodie Meeks,Jodie Meeks,2014
IND,Blake Griffin,Blake Griffin,2014
BRK,Andray Blatche,Andray Blatche,2014
LAL,Mike Conley,Mike Conley,2014
TOR,Marcin Gortat,Marcin Gortat,2014
POR,Kawhi Leonard,Kawhi Leonard,2014
LAL,Mike Miller,Mike Miller,2014
SAC,Kyle Lowry,Kyle Lowry,2014
BRK,Deron Williams,Deron Williams,2014
HOU,Paul George,Paul George,2014
OKC,Michael Carter-Williams,Michael Carter-Williams,2014
CHO,Dion Waiters,Dion Waiters,2014
DAL,Timofey Mozgov,Timofey Mozgov,2014
IND,DeAndre Jordan,DeAndre Jordan,2014
ORL,Leandro Barbosa,Leandro Barbosa,2014
MIL,Kevin Martin,Kevin Martin,2014
IND,DeAndre Jordan,DeAndre Jordan,2014
NOP,Reggie Jackson,Reggie Jackson,2014
DEN,Josh Smith,Josh Smith,2014
DEN,Kyle Singler,Kyle Singler,2014
POR,Marco Belinelli,Marco Belinelli,2014
SAS,Trey Burke,Trey Burke,2014
MIN,Greg Stiemsma,Greg Stiemsma,2014
GSW,Terrence Jones,Terrence Jones,2014
CLE,Vince Carter,Vince Carter,2014
MIN,Ryan Anderson,Ryan Anderson,2014
CHO,Tyler Zeller,Tyler Zeller,2014
CHA,Tony Snell,Tony Snell,2014
MIA,Zaza Pachulia,Zaza Pachulia,2014
POR,Tony Parker,Tony Parker,2014
HOU,Roy Hibbert,Roy Hibbert,2014
LAL,Zach Randolph,Zach Randolph,2014
CHA,Tony Snell,Tony Snell,2014
DEN,Rodney Stuckey,Rodney Stuckey,2014
ATL,Paul Millsap,Paul Millsap,2014
MIN,Tyreke Evans,Tyreke Evans,2014
MIN,Anthony Davis,Anthony Davis,2014
TOR,Marcin Gortat,Marcin Gortat,2014
IND,Glen Davis,Glen Davis,2014
MEM,Mario Chalmers,Mario Chalmers,2014
POR,Tim Duncan,Tim Duncan,2014
DEN,Kyle Singler,Kyle Singler,2014
MEM,Mario Chalmers,Mario Chalmers,2014
OKC,Evan Turner,Evan Turner,2014
HOU,Paul George,Paul George,2014
POR,Kawhi Leonard,Kawhi Leonard,2014
PHO,Isaiah Thomas,Isaiah Thomas,2014
NOP,Kevin Durant,Kevin Durant,2014
DEN,Kyle Singler,Kyle Singler,2014
DEN,Greg Monroe,Greg Monroe,2014
MIN,Eric Gordon,Eric Gordon,2014
IND,Glen Davis,Glen Davis,2014
SAC,DeMar DeRozan,DeMar DeRozan,2014
BRK,Joe Johnson,Joe Johnson,2014
GSW,James Harden,James Harden,2014
HOU,Lance Stephenson,Lance Stephenson,2014
HOU,Ian Mahinmi,Ian Mahinmi,2014
CHA,Jimmy Butler,Jimmy Butler,2014
ORL,Marcus Morris,Marcus Morris,2014
MIL,Kevin Love,Kevin Love,2014
SAS,Enes Kanter,Enes Kanter,2014
DEN,Josh Smith,Josh Smith,2014
NJN,Iman Shumpert,Iman Shumpert,2014
CHO,Earl Clark,Earl Clark,2014
OKC,Hollis Thompson,Hollis Thompson,2014
POR,Danny Green,Danny Green,2014
MIN,Eric Gordon,Eric Gordon,2014
POR,Manu Ginobili,Manu Ginobili,2014
LAL,James Johnson,James Johnson,2014
OKC,Evan Turner,Evan Turner,2014
ATL,DeMarre Carroll,DeMarre Carroll,2015
DET,Andre Iguodala,Andre Iguodala,2015
PHI,Arron Afflalo,Arron Afflalo,2015
MIN,Alexis Ajinca,Alexis Ajinca,2015
PHO,Andre Miller,Andre Miller,2015
TOR,Bradley Beal,Bradley Beal,2015
DEN,Andre Drummond,Andre Drummond,2015
CLE,Chandler Parsons,Chandler Parsons,2015
CHI,Al Jefferson,Al Jefferson,2015
BOS,Jae Crowder,Jae Crowder,2015
NYK,Andrew Nicholson,Andrew Nicholson,2015
CLE,Tyson Chandler,Tyson Chandler,2015
DAL,Wilson Chandler,Wilson Chandler,2015
DAL,Ty Lawson,Ty Lawson,2015
POR,Tim Duncan,Tim Duncan,2015
DET,Stephen Curry,Stephen Curry,2015
ATL,Paul Millsap,Paul Millsap,2015
LAL,Tony Allen,Tony Allen,2015
NJN,Tim Hardaway,Tim Hardaway,2015
NYK,Victor Oladipo,Victor Oladipo,2015
SAC,Tyler Hansbrough,Tyler Hansbrough,2015
TOR,Rasual Butler,Rasual Butler,2015
MIA,Tyler Ennis,Tyler Ennis,2015
NYK,Victor Oladipo,Victor Oladipo,2015
CHO,Tristan Thompson,Tristan Thompson,2015
BOS,Kelly Olynyk,Kelly Olynyk,2015
POR,Tim Duncan,Tim Duncan,2015
NOP,Russell Westbrook,Russell Westbrook,2015
PHO,Reggie Evans,Reggie Evans,2015
MIN,Austin Rivers,Austin Rivers,2015
HOU,David West,David West,2015
NOP,Anthony Morrow,Anthony Morrow,2015
BOS,Brandon Bass,Brandon Bass,2015
ATL,Al Horford,Al Horford,2015
NJN,Jason Smith,Jason Smith,2015
ATL,Al Horford,Al Horford,2015
SAC,Patrick Patterson,Patrick Patterson,2015
CHO,James Jones,James Jones,2015
DAL,Ty Lawson,Ty Lawson,2015
CHO,LeBron James,LeBron James,2015
HOU,Rodney Stuckey,Rodney Stuckey,2015
SAC,Patrick Patterson,Patrick Patterson,2015
ATL,Kyle Korver,Kyle Korver,2015
CHA,Kirk Hinrich,Kirk Hinrich,2015
CHA,Kirk Hinrich,Kirk Hinrich,2015
MIN,Omer Asik,Omer Asik,2015
POR,Patty Mills,Patty Mills,2015
LAL,Vince Carter,Vince Carter,2015
HOU,Roy Hibbert,Roy Hibbert,2015
NJN,Tim Hardaway,Tim Hardaway,2015
BRK,Joe Johnson,Joe Johnson,2015
GSW,Kostas Papanikolaou,Kostas Papanikolaou,2015
CHI,Michael Kidd-Gilchrist,Michael Kidd-Gilchrist,2015
NYK,Elfrid Payton,Elfrid Payton,2015
CHI,Marvin Williams,Marvin Williams,2015
SAC,Kyle Lowry,Kyle Lowry,2015
OKC,Jerami Grant,Jerami Grant,2015
GSW,Terrence Jones,Terrence Jones,2015
LAL,Marc Gasol,Marc Gasol,2015
BOS,Jeff Green,Jeff Green,2015
PHI,Joel Freeland,Joel Freeland,2015
NOP,Kendrick Perkins,Kendrick Perkins,2015
MEM,Luol Deng,Luol Deng,2015
LAC,Jordan Hill,Jordan Hill,2015
LAC,Jeremy Lin,Jeremy Lin,2015
DET,Draymond Green,Draymond Green,2015
SAS,Gordon Hayward,Gordon Hayward,2015
PHI,Nicolas Batum,Nicolas Batum,2015
DAL,Gary Harris,Gary Harris,2015
SAS,Derrick Favors,Derrick Favors,2015
HOU,C.J. Watson,C.J. Watson,2015
NYK,Channing Frye,Channing Frye,2015
CHA,Jimmy Butler,Jimmy Butler,2015
NJN,Jason Smith,Jason Smith,2015
PHO,Derrick Williams,Derrick Williams,2015
BRK,Deron Williams,Deron Williams,2015
NOP,Perry Jones,Perry Jones,2015
TOR,Kevin Seraphin,Kevin Seraphin,2015
DET,Klay Thompson,Klay Thompson,2015
TOR,Nene Hilario,Nene Hilario,2015
ATL,Kent Bazemore,Kent Bazemore,2015
LAL,Tony Allen,Tony Allen,2015
NJN,Pablo Prigioni,Pablo Prigioni,2015
CHA,Pau Gasol,Pau Gasol,2015
BOS,Evan Turner,Evan Turner,2015
LAL,Mike Conley,Mike Conley,2015
PHO,Nik Stauskas,Nik Stauskas,2015
ORL,Marcus Morris,Marcus Morris,2015
MIL,Nikola Pekovic,Nikola Pekovic,2015
GSW,Josh Smith,Josh Smith,2015
TOR,Marcin Gortat,Marcin Gortat,2015
PHO,Derrick Williams,Derrick Williams,2015
OKC,Nerlens Noel,Nerlens Noel,2015
MIA,Khris Middleton,Khris Middleton,2015
BOS,James Young,James Young,2015
OKC,Ish Smith,Ish Smith,2015
DET,Harrison Barnes,Harrison Barnes,2015
GSW,Patrick Beverley,Patrick Beverley,2015
LAL,Marc Gasol,Marc Gasol,2015
MIA,Khris Middleton,Khris Middleton,2015
MIN,Kendrick Perkins,Mario Chalmers,2016
MEM,Joe Johnson,Gorgui Dieng,2016
PHI,Gerald Henderson,LaMarcus Aldridge,2016
HOU,Lavoy Allen,Ian Mahinmi,2016
ORL,Mirza Teletovic,Marcus Morris,2016
LAL,Matt Barnes,Mike Conley,2016
CHI,Spencer Hawes,Taj Gibson,2016
CHO,Tristan Thompson,Tristan Thompson,2016
IND,Wesley Johnson,Spencer Hawes,2016
MIN,Ish Smith,Jason Smith,2016
SAC,Jonas Valanciunas,Jonas Valanciunas,2016
HOU,Monta Ellis,Luis Scola,2016
BOS,R.J. Hunter,Marcus Thornton,2016
PHI,Damian Lillard,DeMar DeRozan,2016
MEM,Josh Richardson,Kendall Marshall,2016
LAC,Jordan Clarkson,Jamal Crawford,2016
TOR,Nene Hilario,Paul Pierce,2016
SAC,Terrence Ross,Terrence Ross,2016
OKC,T.J. McConnell,Tony Wroten,2016
BOS,Tyler Zeller,Tony Snell,2016
NYK,Elfrid Payton,Elfrid Payton,2016
BRK,Jarrett Jack,Jarrett Jack,2016
IND,Josh Smith,Ian Mahinmi,2016
CHA,Joakim Noah,Joakim Noah,2016
PHI,Damian Lillard,DeMar DeRozan,2016
CLE,Devin Harris,Devin Harris,2016
SAS,Joe Ingles,Joe Ingles,2016
PHO,Kosta Koufos,DeMarcus Cousins,2016
MIL,Shabazz Muhammad,Quincy Pondexter,2016
ORL,Devin Booker,Eric Bledsoe,2016
POR,Tony Parker,Tony Parker,2016
BRK,Thomas Robinson,Tyler Zeller,2016
OKC,Nerlens Noel,Nerlens Noel,2016
IND,Paul Pierce,Spencer Hawes,2016
CHO,Tristan Thompson,Tristan Thompson,2016
CHO,Tristan Thompson,Tristan Thompson,2016
ATL,Tiago Splitter,Tony Snell,2016
CLE,J.J. Barea,Monta Ellis,2016
MIL,Nemanja Bjelica,Mario Chalmers,2016
OKC,Carl Landry,Furkan Aldemir,2016
CHO,Kevin Love,Kevin Love,2016
TOR,John Wall,Kevin Seraphin,2016
HOU,Solomon Hill,Roy Hibbert,2016
IND,Luc Mbah a Moute,Matt Barnes,2016
PHI,Gerald Henderson,Joel Freeland,2016
NYK,Nikola Vucevic,Nikola Vucevic,2016
CHA,Pau Gasol,Joe Johnson,2016
CHA,Pau Gasol,Pau Gasol,2016
BRK,Donald Sloan,Arron Afflalo,2016
MEM,Dwyane Wade,Chris Andersen,2016
TOR,Bradley Beal,Bradley Beal,2016
PHI,Allen Crabbe,Arron Afflalo,2016
LAC,Brandon Bass,Jason Smith,2016
NJN,Lance Thomas,Langston Galloway,2016
SAC,DeMar DeRozan,DeMar DeRozan,2016
CHO,J.R. Smith,J.R. Smith,2016
MEM,Chris Bosh,Brandon Knight,2016
NJN,Arron Afflalo,Andrea Bargnani,2016
SAS,Derrick Favors,Derrick Favors,2016
DEN,Aron Baynes,Andre Drummond,2016
HOU,C.J. Miles,David West,2016
CLE,Charlie Villanueva,Brandon Knight,2016
POR,Boris Diaw,Boris Diaw,2016
TOR,Bradley Beal,Andre Miller,2016
MEM,Gerald Green,Dwyane Wade,2016
NOP,Dion Waiters,Andre Roberson,2016
LAC,Anthony Brown,Anthony Bennett,2016
HOU,George Hill,Donald Sloan,2016
CHA,Taj Gibson,Pau Gasol,2016
MIL,Tyus Jones,Robbie Hummel,2016
ORL,P.J. Tucker,Nikola Vucevic,2016
MEM,Dwyane Wade,Courtney Lee,2016
GSW,James Harden,James Harden,2016
OKC,Hollis Thompson,Elliot Williams,2016
ATL,Kyle Korver,Kyle Korver,2016
BRK,Bojan Bogdanovic,J.J. Hickson,2016
SAC,DeMar DeRozan,DeMar DeRozan,2016
NJN,Carmelo Anthony,Jason Smith,2016
GSW,Dwight Howard,Dwight Howard,2016
NOP,Kevin Durant,Kevin Durant,2016
NJN,Derrick Williams,Jason Smith,2016
PHI,Damian Lillard,Eric Bledsoe,2016
SAC,Jonas Valanciunas,Jonas Valanciunas,2016
HOU,Ian Mahinmi,James Harden,2016
DET,Andrew Bogut,Andrew Bogut,2016
NOP,Kevin Durant,Reggie Jackson,2016
PHI,Allen Crabbe,Arron Afflalo,2016
NYK,Elfrid Payton,Elfrid Payton,2016
MIA,Greg Monroe,Giannis Antetokounmpo,2016
MIN,Norris Cole,Luke Babbitt,2016
TOR,Nene Hilario,Kevin Seraphin,2016
ORL,P.J. Tucker,Markieff Morris,2016
DET,Klay Thompson,Klay Thompson,2016
POR,LaMarcus Aldridge,Manu Ginobili,2016
DET,Leandro Barbosa,Klay Thompson,2016
MIL,Ricky Rubio,Russell Westbrook,2016
BRK,Shane Larkin,Mason Plumlee,2016
SAC,Jonas Valanciunas,Kyle Lowry,2016
CHI,Frank Kaminsky,Gerald Henderson,2016
BRK,Wayne Ellington,Tony Snell,2016
